{
    "whitespace": {
        " ": 0,
        "\t": 1,
        "\n": 2,
        "\r": 3,
        "\u000b": 4,
        "\f": 5
    },
    "punctuation": {
        "!": 6,
        "\"": 7,
        "#": 8,
        "$": 9,
        "%": 10,
        "&": 11,
        "'": 12,
        "(": 13,
        ")": 14,
        "*": 15,
        "+": 16,
        ",": 17,
        "-": 18,
        ".": 19,
        "/": 20,
        ":": 21,
        ";": 22,
        "<": 23,
        "=": 24,
        ">": 25,
        "?": 26,
        "@": 27,
        "[": 28,
        "\\": 29,
        "]": 30,
        "^": 31,
        "_": 32,
        "`": 33,
        "{": 34,
        "|": 35,
        "}": 36,
        "~": 37
    },
    "ascii_letters": {
        "a": 38,
        "b": 39,
        "c": 40,
        "d": 41,
        "e": 42,
        "f": 43,
        "g": 44,
        "h": 45,
        "i": 46,
        "j": 47,
        "k": 48,
        "l": 49,
        "m": 50,
        "n": 51,
        "o": 52,
        "p": 53,
        "q": 54,
        "r": 55,
        "s": 56,
        "t": 57,
        "u": 58,
        "v": 59,
        "w": 60,
        "x": 61,
        "y": 62,
        "z": 63,
        "A": 64,
        "B": 65,
        "C": 66,
        "D": 67,
        "E": 68,
        "F": 69,
        "G": 70,
        "H": 71,
        "I": 72,
        "J": 73,
        "K": 74,
        "L": 75,
        "M": 76,
        "N": 77,
        "O": 78,
        "P": 79,
        "Q": 80,
        "R": 81,
        "S": 82,
        "T": 83,
        "U": 84,
        "V": 85,
        "W": 86,
        "X": 87,
        "Y": 88,
        "Z": 89
    }
}